did,centroids_ar,types,nominatim,len
0045BE716D108143F8606C504634DE9D2024-06-19,"[(9.126973684472517, 48.73719990516996), (9.157573314195593, 48.770686424722776), (9.15395441815501, 48.769426255738054), (9.22405776941109, 48.80164052953348), (9.225619567093071, 48.794047156575225), (9.230716460213674, 48.79206920314582)]","['unknown', 'pharmacy', 'vending_machine', 'cafe', 'events_centre', 'parking']","[('Stuttgart', 'building', 'apartments', 259573630), ('Stuttgart', 'shop', 'supermarket', 6691319613), ('Stuttgart', 'building', 'apartments', 27958149), ('Stuttgart', 'place', 'house', 660466636), ('Stuttgart', 'amenity', 'events_centre', 24169069), ('Stuttgart', 'leisure', 'stadium', 3869991)]",6
01CC0D840AFB131C50458012BBFCE5852024-07-05,[],[],[],0
050CC00BB91751B47DD1E88117830D162024-06-19,"[(11.689304570532803, 47.87926762740218), (9.180251074266458, 48.7792274778032), (9.1817507767665, 48.78203468150663), (9.134604075671875, 48.80929972692802), (9.217358578291986, 48.801721026726746), (9.231353705205683, 48.79171609557955), (9.231571293930637, 48.79291064563204)]","['unknown', 'restaurant', 'atm', 'social_facility', 'taxi', 'unknown', 'unknown']","[('Holzkirchen', 'place', 'house', 3710983413), ('Stuttgart', 'place', 'house', 4326784278), ('Stuttgart', 'shop', 'bakery', 12165775400), ('Stuttgart', 'amenity', 'social_facility', 103058883), ('Stuttgart', 'amenity', 'pub', 3877886727), ('Stuttgart', 'leisure', 'stadium', 3869991), ('Stuttgart', 'leisure', 'stadium', 3869991)]",7
0AF0CC3A14CDC9FB74EA4BA182E2D57D2024-07-05,"[(9.066829043028424, 48.412119250927006), (8.999576997646113, 48.49669144304072), (9.22923017464148, 48.79171928992781), (9.231466539576896, 48.79326247410913), (9.232733896651958, 48.79002636864516)]","['unknown', 'parking', 'post_box', 'exhibition_centre', 'waste_basket']","[('Mössingen', 'building', 'house', 283412646), ('Tübingen', 'building', 'office', 200176610), ('Stuttgart', 'tourism', 'attraction', 136082204), ('Stuttgart', 'leisure', 'stadium', 3869991), ('Stuttgart', 'amenity', 'parking', 389708874)]",5
0D6F298CF70CFF26F8C44C50660009362024-06-19,"[(9.180316467389831, 48.85681707976906), (9.151231541644034, 48.9246787345868), (9.18076096628445, 48.86032955843482), (9.178841148959284, 48.861247019206715), (9.217358578291986, 48.80179271769753), (9.22085189459309, 48.798413800874854), (9.228590036439307, 48.79178658945434)]","['waste_basket', 'parking', 'recycling', 'parking', 'taxi', 'pub', 'parking']","[('Kornwestheim', 'building', 'yes', 550577910), ('Tamm', 'amenity', 'parking', 264385451), ('Kornwestheim', 'highway', 'residential', 1017021837), ('Kornwestheim', 'amenity', 'parking', 861214098), ('Stuttgart', 'amenity', 'pub', 3877886727), ('Stuttgart', 'building', 'apartments', 109715016), ('Stuttgart', 'leisure', 'pitch', 25216449)]",7
112B0B75527253BE9C5617A5D8A7CCCF2024-06-19,"[(9.118809360999235, 48.74451799968695), (9.194995891900593, 48.7697148105931), (9.204067158374192, 48.77777988661691), (9.207799489161093, 48.78058672310701), (9.220940067162905, 48.79412404937206), (9.234653098040024, 48.79191722064018), (9.231353705205683, 48.791857083231186), (9.018080344495463, 48.78498947955426)]","['unknown', 'post_box', 'kindergarten', 'cafe', 'parking', 'restaurant', 'unknown', 'charging_station']","[('Stuttgart', 'building', 'apartments', 92938669), ('Stuttgart', 'building', 'apartments', 123626761), ('Stuttgart', 'building', 'yes', 101678305), ('Stuttgart', 'building', 'yes', 305157850), ('Stuttgart', 'amenity', 'parking', 14251527), ('Stuttgart', 'amenity', 'parking', 25216247), ('Stuttgart', 'leisure', 'stadium', 3869991), ('Leonberg', 'amenity', 'parking', 25335965)]",8
112B0B75527253BE9C5617A5D8A7CCCF2024-07-05,"[(9.232636626921375, 48.79297835317565), (9.23092726314906, 48.79164709573446)]","['unknown', 'parking']","[('Stuttgart', 'leisure', 'stadium', 3869991), ('Stuttgart', 'leisure', 'stadium', 3869991)]",2
11B812B9FECA091C27EB403A6DACE09E2024-06-19,"[(8.937752280317056, 51.256714669711606), (9.440393979172871, 51.31076885720067), (9.446465627354339, 51.31214833634716), (9.186331572118265, 48.78434831943759), (9.187070819313144, 48.7829415029249), (9.177892670409555, 48.77388978324685), (9.225617676260583, 48.79299128422154), (9.22869704481897, 48.792421879999075), (9.230617177442463, 48.7936155808901), (9.232314916334401, 48.79269852042421), (9.171622732637294, 48.77495334763014), (9.155034945062173, 48.77504729354979)]","['unknown', 'recycling', 'parking', 'waste_basket', 'waste_basket', 'restaurant', 'parking', 'atm', 'exhibition_centre', 'unknown', 'bicycle_rental', 'bicycle_rental']","[('Meineringhausen', 'building', 'house', 687536469), ('Kassel', 'building', 'yes', 181444939), ('Kassel', 'highway', 'secondary', 23052591), ('Stuttgart', 'amenity', 'biergarten', 24959614), ('Stuttgart', 'railway', 'platform', 846640732), ('Stuttgart', 'amenity', 'restaurant', 9173384943), ('Stuttgart', 'amenity', 'parking', 14251527), ('Stuttgart', 'tourism', 'attraction', 136082204), ('Stuttgart', 'tourism', 'attraction', 136082204), ('Stuttgart', 'leisure', 'stadium', 3869991), ('Stuttgart', 'highway', 'primary', 314935880), ('Stuttgart', 'railway', 'platform', 120610827)]",12
144A7A0243ABD6922E812FDA3F502F802024-06-19,"[(12.103723494175318, 49.88356079653555), (12.16716700900425, 49.80087403385169), (9.220849117868019, 48.79778127903159), (9.231353058954483, 48.7917165227687), (9.225612634255121, 48.79250078302009)]","['bench', 'post_box', 'waste_basket', 'unknown', 'parking']","[('Friedenfels', 'amenity', 'restaurant', 240866714), ('Windischeschenbach', 'tourism', 'picnic_site', 2873724026), ('Stuttgart', 'shop', 'vacant', 10800358605), ('Stuttgart', 'leisure', 'stadium', 3869991), ('Stuttgart', 'amenity', 'parking', 14251527)]",5
17D9BF6C830ADA463F8C159C9A1411952024-07-05,"[(9.046550932727357, 48.40369497930703), (9.231775295087182, 48.79101286565459)]","['clock', 'parking']","[('Mössingen', 'amenity', 'bus_station', 281801888), ('Stuttgart', 'leisure', 'stadium', 3869991)]",2
1D437E1EB1164B778C8A634382C2526B2024-07-05,"[(6.993333634367586, 51.16631715340771), (6.789806981894901, 51.22054388526655), (6.787547712622469, 51.22078241810828), (6.9397508660546094, 51.170022659500184), (8.543823137525182, 49.892527105445176), (8.6188818553576, 49.28038665258659), (9.233162297108874, 48.79192371981148), (9.22518338000774, 48.791658460197695), (9.215475878411748, 48.785140891409576)]","['unknown', 'pub', 'restaurant', 'driving_school', 'charging_station', 'unknown', 'unknown', 'grit_bin', 'bench']","[('Solingen', 'building', 'yes', 134775011), ('Düsseldorf', 'building', 'yes', 253225659), ('Düsseldorf', 'amenity', 'parking', 298424104), ('Hilden', 'place', 'house', 7345975364), ('Büttelborn', 'amenity', 'charging_station', 10189307024), ('unknown', 'junction', 'interchange', 803024962), ('Stuttgart', 'leisure', 'stadium', 3869991), ('Stuttgart', 'highway', 'unclassified', 551523666), ('Stuttgart', 'building', 'yes', 325449072)]",9
1EA31718066D9E01FFAAF53722490B442024-06-19,"[(9.118573708138513, 48.824989885216254), (9.155901181451219, 48.81440337473786), (9.234013573837938, 48.791992275552914), (9.22976042218096, 48.79235223629686), (9.17928773649561, 48.77747195496997)]","['parking', 'school', 'restaurant', 'post_box', 'restaurant']","[('unknown', 'building', 'apartments', 79578343), ('Stuttgart', 'amenity', 'school', 24604883), ('Stuttgart', 'leisure', 'stadium', 3869991), ('Stuttgart', 'historic', 'memorial', 2286777619), ('Stuttgart', 'historic', 'castle', 22988)]",5
1F7F965496618871DB20376A27F9D1BB2024-06-19,"[(9.480744214960275, 48.79811482658351), (9.231458780727028, 48.791575748758305)]","['vending_machine', 'unknown']","[('Engelberg', 'building', 'apartments', 171036170), ('Stuttgart', 'leisure', 'stadium', 3869991)]",2
20F7276DCF73859A51B650AD394C0A752024-06-19,"[(8.970844807485243, 48.62523652284963), (9.173017382481415, 48.77719881985889), (9.17993280105378, 48.77943881811566), (9.231352735830757, 48.79164624253615), (9.181751284292462, 48.78238776622945)]","['bank', 'cafe', 'restaurant', 'unknown', 'bicycle_rental']","[('Hildrizhausen', 'building', 'apartments', 115807716), ('Stuttgart', 'building', 'apartments', 121950056), ('Stuttgart', 'leisure', 'outdoor_seating', 434738581), ('Stuttgart', 'leisure', 'stadium', 3869991), ('Stuttgart', 'place', 'house', 1545717051)]",5
23AF86D62DCEA095965065DC4175AC5F2024-06-19,"[(9.354687889054958, 48.61787661618874), (9.373970557950186, 48.673901277813044), (9.231353705205683, 48.791857083231186)]","['unknown', 'ticket_validator', 'unknown']","[('Nürtingen', 'building', 'yes', 450271432), ('Wendlingen am Neckar', 'railway', 'stop', 3082376229), ('Stuttgart', 'leisure', 'stadium', 3869991)]",3
2668642F252FDA17F235D9EC2C62692A2024-07-05,"[(10.261249591108863, 50.03651958424082), (9.091530797431439, 48.820585754326146), (9.230712271208985, 48.791155560070735)]","['waste_basket', 'parking', 'parking']","[('Sennfeld', 'building', 'house', 1028418131), ('Stuttgart', 'building', 'yes', 55130628), ('Stuttgart', 'man_made', 'bridge', 1070620404)]",3
274352E8960E3B7108DECBB747B8B0BF2024-06-19,"[(8.887460555584907, 47.73709236493988), (9.190891158964497, 48.780756528781474), (9.231571940818599, 48.79305141981383), (9.179945864711685, 48.78189596989357), (9.178546606748377, 48.77838675869601)]","['unknown', 'charging_station', 'unknown', 'parking_entrance', 'bench']","[('Singen (Hohentwiel)', 'building', 'house', 302515226), ('Stuttgart', 'tourism', 'hostel', 108803069), ('Stuttgart', 'leisure', 'stadium', 3869991), ('Stuttgart', 'place', 'house', 3150576769), ('Stuttgart', 'highway', 'pedestrian', 471870206)]",5
2DAA5AE6574DFDC2C499B6140AA94D022024-06-19,"[(9.052509652978213, 48.85842199886829), (9.026098024676324, 48.86412367826283), (9.194075720750428, 48.8067529626942), (9.219859439300901, 48.78927634743105), (9.220088769427907, 48.79116608254078), (9.228166470367265, 48.79235392938573), (9.231785330576743, 48.793191552637566)]","['unknown', 'restaurant', 'unknown', 'unknown', 'unknown', 'parking', 'unknown']","[('Hemmingen', 'building', 'house', 44145998), ('Hemmingen', 'building', 'house', 224724564), ('Stuttgart', 'highway', 'secondary', 380332585), ('Stuttgart', 'man_made', 'works', 24551970), ('Stuttgart', 'emergency', 'life_ring', 3475584837), ('Stuttgart', 'tourism', 'attraction', 136082204), ('Stuttgart', 'leisure', 'stadium', 3869991)]",7
30D7B5511D2CA092D1ABA76AA8D4D1EA2024-06-19,"[(9.011174747927607, 48.81865480264796), (9.025435142591144, 48.81724692858782), (9.223591603706891, 48.792504929382325), (9.226146379498918, 48.792778978169125), (9.23252668277949, 48.79248725080688)]","['unknown', 'charging_station', 'unknown', 'bicycle_rental', 'unknown']","[('Leonberg', 'building', 'apartments', 37546379), ('Leonberg', 'amenity', 'parking', 129957189), ('Stuttgart', 'amenity', 'parking', 14251527), ('Stuttgart', 'amenity', 'atm', 3742810619), ('Stuttgart', 'leisure', 'stadium', 3869991)]",5
30D7B5511D2CA092D1ABA76AA8D4D1EA2024-07-05,"[(9.108217457020174, 48.908843894162835), (9.011174747927607, 48.81865480264796), (9.025222296231274, 48.816965783107136), (9.183764623430148, 48.809512963114734), (9.233162622763125, 48.79199400003161)]","['parking', 'unknown', 'charging_station', 'waste_basket', 'unknown']","[('Markgröningen', 'amenity', 'hospital', 448415913), ('Leonberg', 'building', 'apartments', 37546379), ('Leonberg', 'building', 'apartments', 45754699), ('Stuttgart', 'junction', 'yes', 582531444), ('Stuttgart', 'leisure', 'stadium', 3869991)]",5
340449D5FB2CC0E5DB2B4DC3A95BE23B2024-06-19,"[(8.839155777679755, 50.146410441548305), (8.841051398883483, 50.135311279672734), (9.248914625389148, 48.81536454844233), (9.217460411861868, 48.80129732194782), (9.220114596796797, 48.7972190373345), (9.21935120090236, 48.795321674954415), (9.22508927266122, 48.79362380635078), (9.231459750543877, 48.79178658945434)]","['unknown', 'driving_school', 'bench', 'toilets', 'waste_basket', 'unknown', 'parking', 'unknown']","[('Hochstadt', 'building', 'yes', 193233002), ('Dörnigheim', 'building', 'yes', 88832083), ('Stuttgart', 'railway', 'platform', 48245574), ('Stuttgart', 'highway', 'elevator', 3043452780), ('Stuttgart', 'building', 'yes', 109578302), ('Stuttgart', 'highway', 'pedestrian', 14247592), ('Stuttgart', 'amenity', 'parking', 14251527), ('Stuttgart', 'leisure', 'stadium', 3869991)]",8
3AA546B50BE1AD437AFD54844C9B69382024-07-05,"[(9.11518591551981, 48.69349715314889), (9.206836208209605, 48.96001305069125), (9.233162297108874, 48.79192371981148)]","['unknown', 'bank', 'unknown']","[('Musberg', 'building', 'yes', 171039358), ('Pleidelsheim', 'building', 'yes', 268207739), ('Stuttgart', 'leisure', 'stadium', 3869991)]",3
3B36256507086426F597CA253B5DC2F32024-06-19,"[(9.164101508830118, 48.84889964704595), (9.195287312851672, 48.790026247699274), (9.188755956980705, 48.80570905213343), (9.22049547742106, 48.78991050110302), (9.231565795584954, 48.79171609557955), (9.147350636565585, 48.83802884031257)]","['charging_station', 'parking', 'parking_entrance', 'unknown', 'unknown', 'fast_food']","[('Stuttgart', 'building', 'yes', 312827844), ('Stuttgart', 'amenity', 'school', 438666582), ('Stuttgart', 'building', 'apartments', 205641309), ('Stuttgart', 'man_made', 'works', 24551970), ('Stuttgart', 'leisure', 'stadium', 3869991), ('Stuttgart', 'building', 'hotel', 100006308)]",6
3BAD71931D0048B5A4317A7469EED1A22024-06-19,"[(10.13295346884876, 50.01338869839736), (9.728588728180053, 49.628185429353216), (9.136256731680236, 48.83017109041867), (9.107599016905091, 48.8196593367605), (9.112162410547413, 48.813610240021276), (9.193791436752447, 48.78827175015131), (9.205100673953712, 48.79661503624668), (9.225510358911478, 48.793414842614794), (9.23167895914478, 48.793191766488576), (9.19005764357236, 48.785326168792764), (9.185800066293247, 48.78441945839089)]","['unknown', 'toilets', 'restaurant', 'bench', 'pharmacy', 'fast_food', 'grit_bin', 'parking', 'unknown', 'brothel', 'bicycle_parking']","[('Schnackenwerth', 'building', 'yes', 157776658), ('Grünsfeldhausen', 'highway', 'services', 222181144), ('unknown', 'amenity', 'restaurant', 44038015), ('Stuttgart', 'building', 'yes', 104057273), ('Stuttgart', 'amenity', 'bank', 1373116560), ('Stuttgart', 'emergency', 'ambulance_station', 115476022), ('Stuttgart', 'highway', 'primary', 762201609), ('Stuttgart', 'amenity', 'parking', 14251527), ('Stuttgart', 'leisure', 'stadium', 3869991), ('Stuttgart', 'building', 'office', 335054200), ('Stuttgart', 'amenity', 'vending_machine', 11903357435)]",11
4DB08C948D5A970DDA33C3E3E2F8DB1F2024-07-05,"[(10.106948992300996, 48.78487596609789), (9.233162297108874, 48.79192371981148), (9.231247982550533, 48.79164624253615), (10.241729870110527, 48.69930066660917)]","['parking', 'unknown', 'unknown', 'fountain']","[('Oberkochen', 'building', 'semidetached_house', 298890688), ('Stuttgart', 'leisure', 'stadium', 3869991), ('Stuttgart', 'leisure', 'stadium', 3869991), ('Nattheim', 'amenity', 'post_box', 912112079)]",4
4FBA5DD7D79D201ED43E872A1C7D771B2024-06-19,"[(9.237937258091176, 48.78945413051985), (9.23104169864702, 48.793403888176)]","['waste_basket', 'exhibition_centre']","[('Stuttgart', 'leisure', 'pitch', 25216081), ('Stuttgart', 'leisure', 'stadium', 3869991)]",2
4FBA5DD7D79D201ED43E872A1C7D771B2024-07-05,"[(9.237830894606196, 48.78945435003565), (9.235706258074336, 48.790020961616825), (9.232521811336166, 48.79143304745744), (9.203323002144874, 49.1980486781136)]","['waste_basket', 'unknown', 'unknown', 'unknown']","[('Stuttgart', 'leisure', 'pitch', 25216081), ('Stuttgart', 'leisure', 'pitch', 25216082), ('Stuttgart', 'leisure', 'stadium', 3869991), ('Neckarsulm', 'building', 'farm', 58824252)]",4
50F4BF133527B3901FA8791CDC493D842024-06-19,"[(9.167811131013558, 48.779878790100376), (9.229440351779955, 48.79214203123625)]","['atm', 'post_box']","[('Stuttgart', 'amenity', 'cinema', 109647363), ('Stuttgart', 'tourism', 'attraction', 136082204)]",2
51B3982FB5EF4E847D6669701C6C921F2024-06-19,"[(9.737068095683972, 52.392315380706854), (9.74140112040797, 52.37662218410595), (9.228695447720709, 48.79178999441175), (9.231991268830878, 48.791715240023365), (9.180912364940742, 48.78569229049323)]","['doctors', 'post_box', 'parking', 'unknown', 'car_rental']","[('Hannover', 'building', 'yes', 184874533), ('Hannover', 'railway', 'platform', 3570717), ('Stuttgart', 'leisure', 'pitch', 25216449), ('Stuttgart', 'leisure', 'stadium', 3869991), ('Stuttgart', 'shop', 'ticket', 6742566677)]",5
52699F69322B6B9C75E604D5E7BB8AD22024-06-19,"[(9.228696086556306, 48.79221379119987), (9.231672487468963, 48.79178594822734)]","['atm', 'unknown']","[('Stuttgart', 'tourism', 'attraction', 136082204), ('Stuttgart', 'leisure', 'stadium', 3869991)]",2
52B1BA72AB821206A3BF3B3012671C962024-07-05,"[(9.297937523510283, 49.0064787205032), (9.380081410850126, 48.86525719894366), (9.381894433934459, 48.864894874871986), (9.179734669570223, 48.7835154238815), (9.177277697789442, 48.780426866399345), (9.229975088770889, 48.79277349341435)]","['unknown', 'parking', 'parking', 'restaurant', 'fast_food', 'exhibition_centre']","[('Großbottwar', 'building', 'apartments', 475396707), ('Winnenden', 'building', 'residential', 396961411), ('Winnenden', 'building', 'residential', 396961396), ('Stuttgart', 'building', 'hotel', 90724485), ('Stuttgart', 'amenity', 'pub', 309783043), ('Stuttgart', 'tourism', 'attraction', 136082204)]",6
52C5D89D11BFFEB4A3D8B441F9D023282024-06-19,"[(9.181780981393846, 48.790610586555815), (9.233267036853928, 48.79157210348479), (9.234653425780454, 48.79234237912178), (9.226039377163781, 48.792781278666546)]","['pharmacy', 'unknown', 'parking', 'bicycle_rental']","[('Stuttgart', 'highway', 'pedestrian', 330785833), ('Stuttgart', 'leisure', 'stadium', 3869991), ('Stuttgart', 'highway', 'service', 961603390), ('Stuttgart', 'amenity', 'parking', 14251527)]",4
52C5D89D11BFFEB4A3D8B441F9D023282024-07-05,"[(9.18167410762381, 48.790259016424365), (9.233267036853928, 48.79157210348479), (9.229015194713158, 48.79221315761981)]","['bicycle_parking', 'unknown', 'atm']","[('Stuttgart', 'place', 'house', 739122394), ('Stuttgart', 'leisure', 'stadium', 3869991), ('Stuttgart', 'tourism', 'attraction', 136082204)]",3
53055B77D373F951850EACFF19D1B7D12024-07-05,"[(9.197306309659075, 48.599347611990964), (9.234545745805432, 48.79206147477594), (9.232841239655702, 48.79150268352138), (9.230394778699205, 48.791507599546726), (9.231254442416123, 48.79340346155062)]","['unknown', 'restaurant', 'unknown', 'parking', 'exhibition_centre']","[('Häslach', 'building', 'yes', 169549642), ('Stuttgart', 'highway', 'service', 961603390), ('Stuttgart', 'leisure', 'stadium', 3869991), ('Stuttgart', 'shop', 'ticket', 2794699274), ('Stuttgart', 'leisure', 'stadium', 3869991)]",5
547DB07AB7683E00612A9D65C07710A82024-06-19,"[(9.820877438118975, 48.61683269664534), (9.232521811336166, 48.79143304745744)]","['unknown', 'unknown']","[('Geislingen an der Steige', 'building', 'apartments', 382078837), ('Stuttgart', 'leisure', 'stadium', 3869991)]",2
555D125C92796FF3D86F77CE27CE4DA02024-06-19,"[(10.82426837653798, 49.71202935674911), (9.19421796682914, 48.788552155835056), (9.22476355766196, 48.79250244627666), (9.232847743915128, 48.79290828789523)]","['unknown', 'fast_food', 'parking', 'unknown']","[('Höchstadt an der Aisch', 'highway', 'residential', 24314266), ('Stuttgart', 'emergency', 'ambulance_station', 115476022), ('Stuttgart', 'amenity', 'parking', 14251527), ('Stuttgart', 'leisure', 'stadium', 3869991)]",4
585C22CBCA8596A3D393D99890FAFA0D2024-07-05,"[(8.664779908502247, 53.053771192589636), (8.813265336461386, 53.08268053678476), (8.663171789966054, 50.10682568383385), (8.589778257942474, 49.124411545146664), (9.18314532759963, 48.78554820220022), (9.179189152507073, 48.779369531823384), (9.18035640938126, 48.778944520054004), (9.231356936536661, 48.79255988549182), (8.399788930344622, 48.99293991861108)]","['unknown', 'post_box', 'toilets', 'cafe', 'bench', 'cinema', 'restaurant', 'unknown', 'bench']","[('Delmenhorst', 'building', 'yes', 371921400), ('Bremen', 'building', 'train_station', 3340527), ('Frankfurt am Main', 'shop', 'bakery', 293705702), ('Bruchsal', 'railway', 'station', 25436271), ('Stuttgart', 'railway', 'stop', 297470900), ('Stuttgart', 'highway', 'pedestrian', 27660355), ('Stuttgart', 'amenity', 'waste_basket', 7836866593), ('Stuttgart', 'leisure', 'stadium', 3869991), ('Karlsruhe', 'amenity', 'bench', 2343814563)]",9
58629F082D05938CE8F2F24E98096BBA2024-06-19,"[(9.121952894351102, 48.726100958261), (9.175681299057812, 48.780006813480504)]","['parking_entrance', 'bar']","[('Stuttgart', 'amenity', 'parking', 1056919810), ('Stuttgart', 'amenity', 'bar', 290365328)]",2
5A070F904CC699B6303092B6772F86542024-06-19,"[(9.842567950488707, 48.614426960347714), (9.185478675810796, 48.78378744749798), (9.18153681217668, 48.781896137443105), (9.177805946556175, 48.779442118778974), (9.178331934114611, 48.77782484291143), (9.181097008794861, 48.777890812508915), (9.230079531192018, 48.79235159976889), (9.230936294446373, 48.79340346155062), (9.231885224389044, 48.791785734288695)]","['unknown', 'unknown', 'restaurant', 'post_office', 'fountain', 'fountain', 'post_box', 'exhibition_centre', 'unknown']","[('Geislingen an der Steige', 'highway', 'service', 479516841), ('Stuttgart', 'highway', 'service', 366600519), ('Stuttgart', 'building', 'office', 90724464), ('Stuttgart', 'shop', 'mall', 461693847), ('Stuttgart', 'highway', 'service', 374854777), ('Stuttgart', 'historic', 'castle', 487414511), ('Stuttgart', 'leisure', 'stadium', 3869991), ('Stuttgart', 'tourism', 'attraction', 136082204), ('Stuttgart', 'leisure', 'stadium', 3869991)]",9
5A4FA55D3BE8CC4A4BF58B9475C7B78B2024-06-19,"[(7.61985764171301, 51.901513243246576), (7.63475742045138, 51.95690156448786), (6.79487759849281, 51.2197304446305), (9.225934899975455, 48.792638627314396), (9.22901455498619, 48.79207259714297)]","['parking', 'vending_machine', 'vending_machine', 'bicycle_rental', 'post_box']","[('Münster', 'building', 'house', 361182001), ('Münster', 'amenity', 'cafe', 634421181), ('Düsseldorf', 'amenity', 'waste_basket', 12484696116), ('Stuttgart', 'amenity', 'parking', 14251527), ('Stuttgart', 'tourism', 'attraction', 136082204)]",5
5A4FA55D3BE8CC4A4BF58B9475C7B78B2024-07-05,"[(7.61985764171301, 51.901513243246576), (9.459019334371888, 48.981915055079476), (9.216928770762344, 48.80144332388081), (9.21787774831131, 48.799262429681576), (9.228271884305546, 48.79214287738182), (9.233162297108874, 48.79192371981148)]","['parking', 'doctors', 'bench', 'clock', 'parking', 'unknown']","[('Münster', 'building', 'house', 361182001), ('Oppenweiler', 'building', 'house', 189426824), ('Stuttgart', 'railway', 'station', 3043452988), ('Stuttgart', 'tourism', 'museum', 37049129), ('Stuttgart', 'amenity', 'parking', 25001042), ('Stuttgart', 'leisure', 'stadium', 3869991)]",6
5CDA858B8213ECE11EC64526149F72482024-06-19,"[(8.749490748666245, 51.719960600219416), (9.44756191451043, 51.31017967967496), (9.217144885979422, 48.80221600519577), (9.214383821586567, 48.80341594585239), (9.233162297108874, 48.79192371981148), (9.231251212420867, 48.79255988549182), (9.180693345275943, 48.78393561065428)]","['bank', 'unknown', 'taxi', 'vending_machine', 'unknown', 'unknown', 'vending_machine']","[('Paderborn', 'building', 'apartments', 261695230), ('Kassel', 'railway', 'platform', 3407292), ('Stuttgart', 'building', 'retail', 244442209), ('Stuttgart', 'place', 'house', 4244234836), ('Stuttgart', 'leisure', 'stadium', 3869991), ('Stuttgart', 'leisure', 'stadium', 3869991), ('Stuttgart', 'highway', 'elevator', 440981894)]",7
5D66C3BE70DFC4FFFB2568B6F8A8EE922024-07-05,"[(9.191901053605301, 48.794600190406456), (9.226251802363473, 48.79136767645564), (9.23188295734097, 48.791293772667245), (9.225591209212254, 48.787721932234525)]","['unknown', 'parking', 'unknown', 'unknown']","[('Stuttgart', 'building', 'apartments', 80933462), ('Stuttgart', 'amenity', 'parking', 25001042), ('Stuttgart', 'leisure', 'stadium', 3869991), ('Stuttgart', 'highway', 'trunk', 24423881)]",4
60C8650ADFD0C8CD8CF6122C5B9F07862024-06-19,"[(9.233162297108874, 48.79192371981148)]",['unknown'],"[('Stuttgart', 'leisure', 'stadium', 3869991)]",1
624C81779FE007B9220B8DBEF274C76A2024-07-05,"[(9.158124136852418, 48.84448034911645), (9.177805698326923, 48.77937183816115), (9.229120604062018, 48.792002105515145), (9.232202383897919, 48.79136341050606)]","['cafe', 'post_office', 'post_box', 'unknown']","[('Stuttgart', 'tourism', 'hotel', 1584148565), ('Stuttgart', 'shop', 'mall', 461693847), ('Stuttgart', 'tourism', 'attraction', 136082204), ('Stuttgart', 'leisure', 'stadium', 3869991)]",4
636C824390F5233213F27E1599B5FD9D2024-06-19,"[(9.212673783597825, 49.92428749436188), (9.177183969185606, 48.78401133978904), (9.204503365738981, 48.78073318053453), (9.231460397094695, 48.79192714991405)]","['unknown', 'restaurant', 'car_sharing', 'unknown']","[('Soden', 'building', 'yes', 147949866), ('Stuttgart', 'place', 'house', 3372269629), ('Stuttgart', 'building', 'yes', 123769993), ('Stuttgart', 'leisure', 'stadium', 3869991)]",4
63C77F7F8523BF4D3EC8364918D79F3F2024-06-19,"[(9.371756481472401, 50.972178978940796)]",['unknown'],"[('Lenderscheid', 'building', 'yes', 235350123)]",1
65464885286D455098A06F34C63D3B262024-06-19,"[(9.062559306314064, 48.54601390098472), (8.875393403423864, 48.50990774500622), (9.230403789127594, 48.793475445911874), (9.37333073023234, 48.67312956663758)]","['parking_entrance', 'school', 'exhibition_centre', 'ticket_validator']","[('Tübingen', 'building', 'house', 367735233), ('Seebronn', 'amenity', 'school', 286306996), ('Stuttgart', 'amenity', 'pub', 438908087), ('Wendlingen am Neckar', 'railway', 'station', 601507321)]",4
6793032E198AC9E275A4981C117355DE2024-06-19,"[(8.980144590006528, 50.03739868975007), (9.179729399660069, 48.78077298497727), (9.229229854471583, 48.79263441614586), (9.232210816292058, 48.79312020170042), (9.181954328553251, 48.779716768532445), (9.183463625858751, 48.78533685321101)]","['unknown', 'bicycle_parking', 'parking_entrance', 'unknown', 'waste_basket', 'bench']","[('Seligenstadt', 'building', 'yes', 9800354), ('Stuttgart', 'building', 'retail', 90724459), ('Stuttgart', 'tourism', 'attraction', 136082204), ('Stuttgart', 'leisure', 'stadium', 3869991), ('Stuttgart', 'amenity', 'waste_basket', 7837839843), ('Stuttgart', 'railway', 'stop', 297470898)]",6
684867B40342DA0C98B90EB2109B227D2024-07-05,"[(8.782744428014515, 50.19248211499747), (8.635989423291955, 49.88737218649836), (8.670231795294447, 49.85782161902275), (9.236993225983236, 48.79226731120088), (9.23390753165344, 48.79206277167185), (9.23146783278856, 48.79354359495261), (8.773550677318124, 48.90726686266162)]","['unknown', 'parking', 'bicycle_parking', 'parking_entrance', 'restaurant', 'parking', 'toilets']","[('Gronau', 'building', 'yes', 133546517), ('Darmstadt', 'amenity', 'parking', 26278806), ('Darmstadt', 'leisure', 'sports_centre', 1110585300), ('Stuttgart', 'highway', 'unclassified', 369944807), ('Stuttgart', 'leisure', 'stadium', 3869991), ('Stuttgart', 'man_made', 'bridge', 3672953), ('Niefern', 'highway', 'services', 391819383)]",7
687F37F62DABBF33B445F023769794CC2024-07-05,"[(9.273751385016721, 48.940054994768055), (9.25913000404701, 48.938964303089456), (9.183298139887583, 48.885837967984784), (9.201962261299178, 48.88946133460651), (9.236672464867217, 48.79191656586425), (9.233162297108874, 48.79192371981148), (9.231254442416123, 48.79340346155062)]","['unknown', 'toilets', 'unknown', 'unknown', 'parking_entrance', 'unknown', 'exhibition_centre']","[('Marbach', 'building', 'residential', 306420550), ('Marbach', 'highway', 'tertiary', 998027159), ('Ludwigsburg', 'building', 'industrial', 138601784), ('Ludwigsburg', 'building', 'apartments', 138601825), ('Stuttgart', 'highway', 'service', 1071657707), ('Stuttgart', 'leisure', 'stadium', 3869991), ('Stuttgart', 'leisure', 'stadium', 3869991)]",7
688FDE95494734C0A87DAA8A2950284F2024-07-05,"[(9.233267036853928, 48.79157210348479)]",['unknown'],"[('Stuttgart', 'leisure', 'stadium', 3869991)]",1
751E5E8D567F313869222692732413DB2024-06-19,"[(12.890217325728193, 51.38362870135527), (9.194074568810345, 48.83409423813357), (9.230081137971723, 48.791857083231186), (9.175534857515405, 48.829554921977426), (9.173300160558222, 48.8297685115219), (9.175434787984276, 48.83131273362812)]","['unknown', 'unknown', 'post_box', 'cafe', 'restaurant', 'restaurant']","[('Lossatal', 'building', 'yes', 387227092), ('Stuttgart', 'place', 'house', 2337888343), ('Stuttgart', 'amenity', 'parking', 438908086), ('Stuttgart', 'place', 'house', 252826649), ('Stuttgart', 'building', 'house', 164315010), ('Stuttgart', 'building', 'yes', 163790680)]",6
751E5E8D567F313869222692732413DB2024-07-05,"[(9.250507046427442, 48.814588012293854), (9.216718415100313, 48.80200596555215), (9.228908825328778, 48.792211675830764), (9.231254442416123, 48.79340346155062), (8.808732742942485, 48.29010332305494)]","['parking', 'taxi', 'atm', 'exhibition_centre', 'unknown']","[('Stuttgart', 'tourism', 'information', 5862968680), ('Stuttgart', 'amenity', 'fast_food', 6424298585), ('Stuttgart', 'tourism', 'attraction', 136082204), ('Stuttgart', 'leisure', 'stadium', 3869991), ('Geislingen', 'building', 'yes', 269351055)]",5
78281C41FC392A83803A4D668D23AE032024-07-05,"[(9.22943874950678, 48.79179063004379), (9.231251858409925, 48.79284121982766)]","['post_box', 'unknown']","[('Stuttgart', 'shop', 'fan', 438908089), ('Stuttgart', 'leisure', 'stadium', 3869991)]",2
7B5DCCF81CF70CA6895B70B66AD0E52B2024-07-05,"[(8.97921103570878, 48.38922367288989), (8.768522576752291, 48.238297936054074), (9.179732160035822, 48.78281261823786), (9.232627204343594, 48.79122199214272), (9.219251868062525, 48.79595235970142), (9.222647334497788, 48.794823764599165), (9.21723549405949, 48.798137946314895), (9.216926346143252, 48.80031663263727)]","['kindergarten', 'parking', 'restaurant', 'unknown', 'unknown', 'parking', 'unknown', 'bicycle_parking']","[('Bodelshausen', 'building', 'house', 982220042), ('Dormettingen', 'building', 'yes', 226355518), ('Stuttgart', 'railway', 'platform', 37620990), ('Stuttgart', 'leisure', 'stadium', 3869991), ('Stuttgart', 'highway', 'pedestrian', 14247592), ('Stuttgart', 'amenity', 'parking', 14251527), ('Stuttgart', 'highway', 'pedestrian', 14247592), ('Stuttgart', 'building', 'office', 109650864)]",8
7C98AE68B2617DAAD0C16F16CB878FA82024-06-19,"[(9.135272346716327, 48.70162803058166)]",['parking_entrance'],"[('Oberaichen', 'building', 'house', 90187701)]",1
7DDD6EA2106CC634C49263309D981F0B2024-06-19,"[(9.338028032099825, 48.742185877157134), (9.175803106334964, 48.78443481562912), (9.178111299078413, 48.775154178151915), (9.178869124139407, 48.77845522132261), (9.231353705205683, 48.791857083231186)]","['unknown', 'vending_machine', 'bicycle_parking', 'bench', 'unknown']","[('Esslingen am Neckar', 'building', 'house', 1011236320), ('Stuttgart', 'building', 'yes', 109179303), ('Stuttgart', 'shop', 'books', 91264286), ('Stuttgart', 'amenity', 'bench', 7836856302), ('Stuttgart', 'leisure', 'stadium', 3869991)]",5
845F65721C390DF22D50B672FDB90F0E2024-07-05,"[(8.315188052251822, 50.191720864433634), (9.147456897135307, 48.8377471752107), (9.224085948318887, 48.80796573918722), (9.228696086556306, 48.79221379119987)]","['unknown', 'fast_food', 'biergarten', 'atm']","[('Idstein', 'building', 'yes', 51817134), ('Stuttgart', 'amenity', 'parking', 145553085), ('Stuttgart', 'amenity', 'biergarten', 385126376), ('Stuttgart', 'tourism', 'attraction', 136082204)]",4
8989D7BA8C4F028D07876D488A7D32A62024-06-19,"[(10.338138952105254, 48.430714970498016), (9.182823197335603, 48.78428230650783), (9.178761034631776, 48.77887839339981), (9.172495792428977, 48.78148833685126), (9.176106183685324, 48.77965475927648), (9.231459750543877, 48.79178658945434)]","['unknown', 'fast_food', 'toilets', 'bench', 'bicycle_rental', 'unknown']","[('Burgau', 'highway', 'residential', 666136338), ('Stuttgart', 'highway', 'service', 234914151), ('Stuttgart', 'amenity', 'cafe', 5023471296), ('Stuttgart', 'highway', 'pedestrian', 352864466), ('Stuttgart', 'emergency', 'defibrillator', 11459650915), ('Stuttgart', 'leisure', 'stadium', 3869991)]",6
8C3BECDF9DFAF2C0D950A5B2B46DE44C2024-06-19,[],[],[],0
8CABF7B61BA2F7669A19C2ED2F910AA32024-06-19,"[(11.446426698628, 48.24152800622808), (9.219838869117453, 48.78569490002226), (9.231357582817852, 48.7927004459336)]","['parking_space', 'post_box', 'unknown']","[('Dachau', 'building', 'semidetached_house', 1092136668), ('Stuttgart', 'tourism', 'museum', 107136753), ('Stuttgart', 'leisure', 'stadium', 3869991)]",3
8E8428D7AF6EF8C595409AC8319EB5762024-07-05,[],[],[],0
8EC5E8B566D2207CDCCF2921F81DE7712024-06-19,"[(6.981558568342166, 51.65694098759796), (6.970418983640493, 51.65850534476904), (6.776351821319624, 51.42973853503253), (9.230084672996444, 48.79305141981383), (6.772302417040877, 51.429802138769695)]","['unknown', 'bicycle_parking', 'atm', 'exhibition_centre', 'waste_basket']","[('Dorsten', 'building', 'yes', 239853561), ('Dorsten', 'historic', 'building', 145092008), ('Duisburg', 'tourism', 'information', 5293479136), ('Stuttgart', 'amenity', 'exhibition_centre', 438908085), ('Duisburg', 'place', 'house', 7297177241)]",5
8EF7DA8A71D36855553830837EA642162024-07-05,"[(10.667931430908448, 49.97221504410748), (9.20886275651176, 48.80616702937104), (9.220283363550424, 48.78927614312993), (9.22251547191648, 48.78969577653521), (9.229974767559785, 48.79249131014604), (10.11712410168999, 50.00328406406002)]","['pharmacy', 'grit_bin', 'unknown', 'unknown', 'exhibition_centre', 'fuel']","[('Eltmann', 'building', 'yes', 162252681), ('Stuttgart', 'tourism', 'zoo', 13371824), ('Stuttgart', 'man_made', 'works', 24551970), ('Stuttgart', 'man_made', 'bridge', 370104910), ('Stuttgart', 'tourism', 'attraction', 136082204), ('Schnackenwerth', 'amenity', 'toilets', 5604615390)]",6
8EF8B782AAC6DC857BFE1850E41BD8902024-06-19,"[(9.626291551570137, 48.516705643359636), (9.961824737939999, 48.4528910316081), (9.963100448911733, 48.45330207885872), (9.228589717168216, 48.79200125898111), (9.230297095415876, 48.79340537827268)]","['unknown', 'restaurant', 'parking', 'parking', 'exhibition_centre']","[('Westerheim', 'place', 'house', 6209942458), ('Dornstadt', 'highway', 'residential', 150026014), ('Dornstadt', 'highway', 'residential', 150026014), ('Stuttgart', 'tourism', 'attraction', 136082204), ('Stuttgart', 'tourism', 'attraction', 136082204)]",5
915692839EA1815AC6A3591A671AEC342024-06-19,"[(9.116054126210273, 48.74789431367972), (9.202092490165837, 48.709964032363146), (9.150849874473217, 48.72662844873166)]","['unknown', 'pharmacy', 'vending_machine']","[('Stuttgart', 'building', 'apartments', 99422831), ('Stuttgart', 'building', 'apartments', 49637445), ('Stuttgart', 'building', 'apartments', 151298277)]",3
9623F5EE4E03B648B34F1C23FBD70F712024-07-05,"[(8.118180771620436, 49.756488842938914), (9.180261392381535, 48.7814751231971), (9.178029070990364, 48.78239357561362), (9.233479120661507, 48.79143111231579), (9.218529795915506, 48.80136638315701), (9.21672537967598, 48.8036224093785), (9.178960226941216, 48.77332440184707), (9.178006206891776, 48.77564630727814), (9.17727794529075, 48.78049714700622)]","['unknown', 'fast_food', 'nightclub', 'unknown', 'bicycle_rental', 'fast_food', 'parking', 'restaurant', 'fast_food']","[('Alzey', 'building', 'commercial', 384013749), ('Stuttgart', 'building', 'retail', 43085370), ('Stuttgart', 'tourism', 'hotel', 90843416), ('Stuttgart', 'leisure', 'sports_centre', 1070601468), ('Stuttgart', 'railway', 'platform', 47852545), ('Stuttgart', 'building', 'apartments', 135576687), ('Stuttgart', 'highway', 'residential', 3996795), ('Stuttgart', 'shop', 'bed', 4143633925), ('Stuttgart', 'amenity', 'vending_machine', 6342600724)]",9
965BDD2417A2E5F457B0C9A62E7EBE432024-06-19,"[(8.505108564705969, 48.46182051996988), (9.232412846827938, 48.79087102011242)]","['unknown', 'charging_station']","[('Dornstetten', 'place', 'house', 4230429114), ('Stuttgart', 'leisure', 'stadium', 3869991)]",2
98DA7B5B50E66BC1B8584F915F407B312024-07-05,"[(9.230288410816547, 48.791507812109074)]",['parking'],"[('Stuttgart', 'highway', 'residential', 13882247)]",1
9A317535E9699856435B3FA6B8C940C52024-07-05,"[(8.933131314492915, 48.76346550671733), (9.235612726751425, 48.79276188997318), (9.231032663294693, 48.791436041874604), (9.172789504517631, 48.77410839002351), (9.171730504191485, 48.775375031785515), (9.204925313700143, 48.77988905905253), (8.935151374887775, 48.763326098746724)]","['bicycle_parking', 'parking', 'unknown', 'taxi', 'fast_food', 'unknown', 'bicycle_parking']","[('Renningen', 'building', 'apartments', 331120880), ('Stuttgart', 'amenity', 'bicycle_parking', 1297145049), ('Stuttgart', 'leisure', 'stadium', 3869991), ('Stuttgart', 'amenity', 'nightclub', 1311691114), ('Stuttgart', 'highway', 'primary', 314934332), ('Stuttgart', 'building', 'yes', 309039526), ('Renningen', 'amenity', 'parking', 198052132)]",7
9AB995F7CDC6525954B4EFA71090AEF52024-07-05,"[(9.231034276678706, 48.79178744304947)]",['unknown'],"[('Stuttgart', 'leisure', 'stadium', 3869991)]",1
9C05AACDF68A15B67E6E0E9DEA5CA3DF2024-07-05,[],[],[],0
9D33B219AA4EA3156C40DF35346309BD2024-07-05,"[(8.908015920244846, 48.719662865708564), (9.217715403574939, 48.786542301841465), (9.231774971381745, 48.79094258541552), (9.218266125187787, 48.74184241116072), (9.167811605636333, 48.74811153913573), (9.180476392188037, 48.75131979295996), (9.194692685403838, 48.773792347500674), (9.31533273656087, 48.69846464294825), (9.22848366690142, 48.792284493335494), (9.435205055587234, 48.9446892077662)]","['unknown', 'grit_bin', 'parking', 'bicycle_parking', 'bus_station', 'unknown', 'taxi', 'unknown', 'parking', 'parking']","[('Döffingen', 'building', 'semidetached_house', 156471095), ('Stuttgart', 'amenity', 'vending_machine', 3742810613), ('Stuttgart', 'leisure', 'stadium', 3869991), ('Stuttgart', 'amenity', 'taxi', 2450507441), ('Stuttgart', 'amenity', 'post_box', 405589607), ('Stuttgart', 'building', 'yes', 95258319), ('Stuttgart', 'amenity', 'recycling', 582711552), ('Denkendorf', 'building', 'house', 334440017), ('Stuttgart', 'tourism', 'attraction', 136082204), ('Backnang', 'building', 'apartments', 189253332)]",10
A0EEBCA4C6BF5E172228039C99AC97CD2024-06-19,"[(9.204094867578862, 48.7061652809073), (9.205023356625304, 48.777638377077835), (9.223808720163461, 48.79306427304917), (9.230925973043563, 48.791365974787304)]","['unknown', 'place_of_worship', 'unknown', 'unknown']","[('Stuttgart', 'building', 'yes', 49089695), ('Stuttgart', 'building', 'yes', 309036190), ('Stuttgart', 'amenity', 'parking', 14251527), ('Stuttgart', 'man_made', 'bridge', 1070620404)]",4
A16E6D11A92B824C2991A0C8C69B91C52024-06-19,"[(8.712458697610053, 48.628395429538), (8.752065988284205, 48.65948217027468), (8.742369376358665, 48.62614688226649), (8.889962582798443, 48.62047879649559), (9.231571940818599, 48.79305141981383)]","['unknown', 'unknown', 'parking', 'post_box', 'unknown']","[('Wildberg', 'place', 'house', 4146758867), ('Calw', 'man_made', 'works', 89058205), ('Wildberg-Stadt', 'shop', 'supermarket', 42710499), ('Nufringen', 'amenity', 'parking', 528636490), ('Stuttgart', 'leisure', 'stadium', 3869991)]",5
A406E8FB48F3E21E24C0DAAAC66F2FD82024-06-19,"[(10.93741454705978, 49.491137121715376), (10.879279686056144, 49.485911992765935), (10.886518324084344, 49.399140503023155), (9.301552910804702, 48.82570985483553), (9.301790271438504, 48.830629690305784)]","['unknown', 'restaurant', 'post_box', 'parking_entrance', 'parcel_locker']","[('Fürth', 'building', 'house', 197045400), ('Hiltmannsdorf', 'amenity', 'restaurant', 269884321), ('Roßtal', 'amenity', 'post_box', 364712578), ('Waiblingen', 'amenity', 'parking', 804526556), ('Waiblingen', 'amenity', 'fast_food', 209282128)]",5
A7538A1E5657D327914D63741005184F2024-06-19,"[(8.878791042719362, 49.298095432902436), (9.219689191946825, 49.18874166869103), (9.178542618799801, 48.777262268546075), (9.172993716351115, 48.77164824594938), (9.225619567093071, 48.794047156575225), (9.22997637362772, 48.79305461431131)]","['unknown', 'vending_machine', 'pharmacy', 'pharmacy', 'events_centre', 'parking_entrance']","[('Waibstadt', 'building', 'yes', 401083577), ('Neckarsulm (Kernstadt)', 'amenity', 'clock', 8120514223), ('Stuttgart', 'building', 'apartments', 9724284), ('Stuttgart', 'amenity', 'bank', 3755195577), ('Stuttgart', 'amenity', 'events_centre', 24169069), ('Stuttgart', 'amenity', 'pub', 438908088)]",6
A7538A1E5657D327914D63741005184F2024-07-05,"[(9.22143392534301, 48.80979816133704), (9.178862631918188, 48.777542896479105), (9.180686785790474, 48.78196725429347), (9.17278154604514, 48.771789126401465), (9.22976363131444, 48.79305503857556), (9.231357259676631, 48.79263016571314), (9.220432523327888, 48.79665618369866), (9.219807722266584, 48.80291376564221)]","['parking_entrance', 'pharmacy', 'parking_entrance', 'cafe', 'parking_entrance', 'unknown', 'waste_basket', 'doctors']","[('Stuttgart', 'tourism', 'hotel', 1263879947), ('Stuttgart', 'leisure', 'outdoor_seating', 375386137), ('Stuttgart', 'building', 'retail', 309752974), ('Stuttgart', 'shop', 'convenience', 3097227321), ('Stuttgart', 'man_made', 'bridge', 3672953), ('Stuttgart', 'leisure', 'stadium', 3869991), ('Stuttgart', 'highway', 'secondary', 174190396), ('Stuttgart', 'building', 'apartments', 108044888)]",8
AAB2C025249B9428F0D91D0B309C7CC32024-06-19,"[(8.77267272484546, 50.28514005532441), (8.581292765641921, 50.024559370409406), (8.603438244474546, 50.03721476332203), (9.232521811336166, 48.79143304745744), (9.309251025146498, 49.14271699708253)]","['unknown', 'parking', 'parking', 'unknown', 'charging_station']","[('Nieder-Wöllstadt', 'building', 'detached', 405364048), ('Frankfurt am Main', 'amenity', 'parking', 40956355), ('Zeppelinheim', 'highway', 'unclassified', 22873695), ('Stuttgart', 'leisure', 'stadium', 3869991), ('Ellhofen', 'amenity', 'fast_food', 50389339)]",5
B05FE43EB75064886D28D116E3C4A7A22024-06-19,"[(11.031796034213375, 50.9673920735191), (11.03757981356712, 50.97242051613279), (9.064248997128578, 48.9596886331211), (9.232422909872106, 48.793049707050955)]","['pharmacy', 'clock', 'police', 'unknown']","[('Erfurt', 'place', 'house', 488638663), ('Erfurt', 'shop', 'gift', 434905542), ('Sachsenheim', 'amenity', 'bar', 6690535969), ('Stuttgart', 'leisure', 'stadium', 3869991)]",4
B05FE43EB75064886D28D116E3C4A7A22024-07-05,"[(9.062970587307563, 48.961516527038306), (9.064248997128578, 48.9596886331211), (9.215347378074691, 48.804819764163206), (9.23029773875561, 48.792909146628325)]","['waste_basket', 'police', 'restaurant', 'exhibition_centre']","[('Sachsenheim', 'railway', 'platform', 115843360), ('Sachsenheim', 'amenity', 'bar', 6690535969), ('Stuttgart', 'place', 'house', 3787891645), ('Stuttgart', 'tourism', 'attraction', 136082204)]",4
B6C0833AF27EB9023BA01327ED694E682024-06-19,"[(9.1467118793165, 48.36235307095956), (9.230082744782496, 48.79305440203194), (9.231353058954483, 48.7917165227687)]","['unknown', 'exhibition_centre', 'unknown']","[('Burladingen', 'building', 'house', 209285316), ('Stuttgart', 'amenity', 'exhibition_centre', 438908085), ('Stuttgart', 'leisure', 'stadium', 3869991)]",3
B6C0833AF27EB9023BA01327ED694E682024-07-05,"[(9.146817351191846, 48.36235293640502), (9.097551331177517, 48.52223349662337), (9.153288609545216, 48.690360347771765), (9.231246367662207, 48.79164645598297), (9.23136016799261, 48.79326268766618)]","['unknown', 'fast_food', 'bench', 'unknown', 'exhibition_centre']","[('Burladingen', 'building', 'house', 209285316), ('Tübingen', 'amenity', 'parking', 20637529), ('unknown', 'amenity', 'parking', 31138992), ('Stuttgart', 'leisure', 'stadium', 3869991), ('Stuttgart', 'leisure', 'stadium', 3869991)]",5
B856B8F84BD14860F52EA123142BE4132024-07-05,"[(9.060962536180316, 48.62655939718116), (9.17353164503514, 48.773474745420266), (9.23092823074128, 48.79185793643578)]","['unknown', 'fast_food', 'parking']","[('Weil im Schönbuch', 'building', 'yes', 544116076), ('Stuttgart', 'building', 'office', 108691788), ('Stuttgart', 'leisure', 'stadium', 3869991)]",3
BB35AB0F4BD31C161AE6850B8025C4322024-07-05,"[(12.010344315706762, 51.177667367854646), (9.214583281428952, 48.700453386486174), (9.21725127659932, 48.80221580472993), (9.229971876715767, 48.79185921329795)]","['fuel', 'restaurant', 'taxi', 'post_box']","[('Lützen', 'highway', 'services', 195010293), ('Stuttgart', 'building', 'yes', 132070647), ('Stuttgart', 'building', 'retail', 244442209), ('Stuttgart', 'amenity', 'parking', 438908086)]",4
BD98577D1FB42D4F1590F88984915D3C2024-06-19,"[(13.421401940034887, 48.59820951364531), (9.26278052584335, 49.044935954040106), (9.169578943403994, 48.83111081645652), (9.166806056492259, 48.829568539584365), (9.233162297108874, 48.79192371981148), (9.166833309135761, 48.772640497059584), (9.170534644825711, 48.76764588707112), (9.16840053241978, 48.76532974699503)]","['bicycle_rental', 'fast_food', 'post_box', 'post_box', 'unknown', 'bicycle_parking', 'waste_basket', 'post_box']","[('Passau', 'place', 'house', 2500817366), ('Ilsfeld', 'amenity', 'parking', 89431684), ('Stuttgart', 'amenity', 'casino', 9830375304), ('Stuttgart', 'building', 'train_station', 100305710), ('Stuttgart', 'leisure', 'stadium', 3869991), ('Stuttgart', 'shop', 'doityourself', 116412377), ('Stuttgart', 'highway', 'residential', 432575530), ('Stuttgart', 'building', 'apartments', 41989503)]",8
C3158409C495F5B2818E9AC7F805971F2024-07-05,"[(7.153179782465899, 51.237945313634924), (9.233162297108874, 48.79192371981148), (9.231140967975978, 48.791294841360525), (7.7501315848280345, 50.48332315923222)]","['parking', 'unknown', 'unknown', 'fast_food']","[('Wuppertal', 'building', 'yes', 185587591), ('Stuttgart', 'leisure', 'stadium', 3869991), ('Stuttgart', 'leisure', 'stadium', 3869991), ('Mogendorf', 'building', 'retail', 68768112)]",4
C7BF383BF45DBE7645BB8D2C25D95DA12024-06-19,"[(9.529013305455573, 49.16862444698104), (9.483627814899938, 49.19644205686145), (9.23050533180374, 48.79242102991881)]","['unknown', 'parking', 'unknown']","[('Harsberg', 'building', 'yes', 297323730), ('Öhringen', 'building', 'industrial', 211354895), ('Stuttgart', 'leisure', 'stadium', 3869991)]",3
C9E2BC0D1DF75B67D55FA0EE01A8335D2024-07-05,"[(8.573421688999533, 49.44529845201278), (9.166592459874723, 48.82935816135846), (9.234227947312256, 48.79227209891341), (9.233162297108874, 48.79192371981148), (8.543775061621046, 49.41131354473178)]","['unknown', 'post_box', 'parking', 'unknown', 'charging_station']","[('Mannheim', 'craft', 'plumber', 121768341), ('Stuttgart', 'building', 'train_station', 100305710), ('Stuttgart', 'leisure', 'stadium', 3869991), ('Stuttgart', 'leisure', 'stadium', 3869991), ('Brühl', 'amenity', 'fast_food', 121997648)]",5
CAE1661885F43E3053E9FADE21FEDA0C2024-07-05,"[(6.828628561535407, 51.46739450793708), (9.184291307857373, 48.779010245492444), (9.178862631918188, 48.777542896479105), (9.181092458364454, 48.77662576114224), (9.191552499317403, 48.78686987456452), (9.195816403067113, 48.78931981973965), (9.203176480313598, 48.79451058625548), (9.188883253796464, 48.78413332328949), (9.200301852486826, 48.793811884122135), (9.229120604062018, 48.79108485382633), (9.233162297108874, 48.79192371981148), (9.212135337496818, 48.80004662987951), (9.264809148202575, 49.0442280507545)]","['unknown', 'parking_entrance', 'pharmacy', 'grit_bin', 'restaurant', 'fast_food', 'unknown', 'restaurant', 'studio', 'parking_entrance', 'unknown', 'bicycle_parking', 'waste_basket']","[('Oberhausen', 'building', 'yes', 338696244), ('Stuttgart', 'amenity', 'parking', 166004608), ('Stuttgart', 'leisure', 'outdoor_seating', 375386137), ('Stuttgart', 'highway', 'pedestrian', 5576902), ('Stuttgart', 'building', 'yes', 114249572), ('Stuttgart', 'place', 'house', 4246383520), ('Stuttgart', 'building', 'apartments', 108693905), ('Stuttgart', 'amenity', 'parking', 6208630971), ('Stuttgart', 'building', 'house', 562460532), ('Stuttgart', 'leisure', 'pitch', 25216449), ('Stuttgart', 'leisure', 'stadium', 3869991), ('Stuttgart', 'man_made', 'bridge', 157667334), ('Ilsfeld', 'highway', 'services', 550645507)]",13
D549CF9F51379D096D7E06C0985E3A642024-07-05,"[(11.443723304209383, 48.18035855588058), (9.183029004727256, 48.78280743012007), (9.181431224218539, 48.78196608281756), (9.204993721927128, 48.79668607406871), (9.212537128238745, 48.794423425631905), (9.2309359718832, 48.79150568206849)]","['vending_machine', 'waste_basket', 'restaurant', 'grit_bin', 'recycling', 'unknown']","[('München', 'place', 'house', 2835677251), ('Stuttgart', 'man_made', 'bridge', 1029302966), ('Stuttgart', 'building', 'retail', 309752974), ('Stuttgart', 'highway', 'primary', 10238542), ('Stuttgart', 'tourism', 'guest_house', 1059970690), ('Stuttgart', 'leisure', 'stadium', 3869991)]",6
D7115D5047474EBB22724F8BC4E349C52024-06-19,"[(11.639560991979636, 48.18685144370431), (9.443750492688297, 48.644275450576), (9.44535617766782, 48.64595604229176), (9.450406670596076, 48.65331610026812), (9.241137591551555, 48.79141534495941), (9.231679282741712, 48.79326204670055)]","['parking_entrance', 'post_box', 'restaurant', 'parking', 'bench', 'unknown']","[('Unterföhring', 'place', 'house', 9464151197), ('Kirchheim unter Teck', 'railway', 'stop', 3223114793), ('Kirchheim unter Teck', 'amenity', 'dentist', 10263280860), ('Kirchheim unter Teck', 'tourism', 'hotel', 518645425), ('Stuttgart', 'building', 'yes', 313052690), ('Stuttgart', 'leisure', 'stadium', 3869991)]",6
DD1273538171698AAC095498C2A4A9F62024-07-05,"[(9.642823637927853, 48.644250151849015), (9.650623480386566, 48.70640664119523), (9.639150151564722, 48.714412767474435), (9.231466216277106, 48.79319219389609), (9.43092014340789, 48.644605296862544), (9.576336019478493, 48.6545822114112)]","['unknown', 'vending_machine', 'school', 'unknown', 'bicycle_parking', 'unknown']","[('Dürnau', 'place', 'house', 5409529508), ('Göppingen (Kernstadt)', 'building', 'apartments', 273173594), ('Göppingen (Kernstadt)', 'building', 'apartments', 268968876), ('Stuttgart', 'leisure', 'stadium', 3869991), ('Kirchheim unter Teck', 'amenity', 'parking', 14049587), ('Zell unter Aichelberg', 'building', 'residential', 319562271)]",6
E093D4F548DDE86CCF0F53F8DAF0C25A2024-07-05,"[(6.958471412652187, 50.94292102638695), (9.232629153755742, 48.79164367351817), (9.178647959382756, 48.77698098120039), (9.182823197335603, 48.7845646125895)]","['atm', 'unknown', 'parking_entrance', 'fast_food']","[('Köln', 'railway', 'platform', 6838169), ('Stuttgart', 'leisure', 'stadium', 3869991), ('Stuttgart', 'building', 'apartments', 9724284), ('Stuttgart', 'highway', 'service', 234914151)]",4
E717F1D686B930CD79458CD952CC23CD2024-06-19,"[(9.146694780510982, 49.19581537863689), (9.151928733563016, 49.189132398634904), (9.172495551595718, 48.78141805623859), (9.228057551682218, 48.79214351096033), (9.23114839339002, 48.79298071199804), (9.233162297108874, 48.79192371981148)]","['school', 'parking', 'bench', 'parking', 'exhibition_centre', 'unknown']","[('Heilbronn', 'building', 'yes', 127994045), ('Heilbronn', 'building', 'yes', 106433180), ('Stuttgart', 'highway', 'pedestrian', 352864466), ('Stuttgart', 'amenity', 'parking', 25001042), ('Stuttgart', 'leisure', 'stadium', 3869991), ('Stuttgart', 'leisure', 'stadium', 3869991)]",6
E71A33E44DCD8CC18A724D2C1D50D1BF2024-07-05,"[(9.182665747627848, 48.85850010294332), (9.213858130819922, 48.80489281741118), (9.215025485533427, 48.80298928740561), (9.219588495088855, 48.797007788854664), (9.231461043650514, 48.79206771037031), (9.233162297108874, 48.79192371981148)]","['unknown', 'fountain', 'vending_machine', 'fire_station', 'unknown', 'unknown']","[('Kornwestheim', 'place', 'house', 4826583506), ('Stuttgart', 'building', 'apartments', 135862201), ('Stuttgart', 'amenity', 'parking', 108047169), ('Stuttgart', 'building', 'yes', 109578302), ('Stuttgart', 'leisure', 'stadium', 3869991), ('Stuttgart', 'leisure', 'stadium', 3869991)]",6
E81007EE27FCD50EDE665A98CB5EF5B32024-07-05,"[(7.091106105511996, 49.7917630779452), (7.126743675898487, 49.80780526379884), (7.089659909092369, 49.79265281404926), (9.219246967660759, 48.79496925400101), (9.231466216277106, 48.79319219389609), (7.706322439577913, 49.44622806648228)]","['unknown', 'unknown', 'unknown', 'unknown', 'unknown', 'fast_food']","[('Morbach', 'highway', 'residential', 94473107), ('Morbach', 'highway', 'residential', 147695237), ('Morbach', 'highway', 'residential', 147692202), ('Stuttgart', 'highway', 'pedestrian', 14247592), ('Stuttgart', 'leisure', 'stadium', 3869991), ('Kaiserslautern', 'amenity', 'parking', 161302364)]",6
EA4644CF069CDEB0CA86B65259E67E1D2024-06-19,"[(8.78670166808791, 48.723016245848164), (8.794343745608948, 48.72443596271136), (8.804222559667657, 48.724593543970414), (8.909007674615003, 48.64087732570511), (9.228589717168216, 48.792214002196914), (9.232521486583327, 48.791362767227234)]","['unknown', 'fountain', 'unknown', 'post_box', 'parking', 'unknown']","[('Althengstett', 'building', 'yes', 304401190), ('Althengstett', 'building', 'kindergarten', 1118053587), ('Althengstett', 'building', 'yes', 70502471), ('Gärtringen', 'railway', 'platform', 29249156), ('Stuttgart', 'tourism', 'attraction', 136082204), ('Stuttgart', 'leisure', 'stadium', 3869991)]",6
F11C0EAF9048E6416B243DAD27BECA1F2024-07-05,"[(8.030941894180055, 52.30122535602983), (8.113881596307815, 52.278908096023706), (8.070031819907857, 52.26199403941616), (9.485024381242999, 51.03562482493002), (9.95100280922839, 49.794379491158246), (9.804562630328306, 49.70884559958344), (9.033792433623166, 48.742606410798714), (9.166688511178403, 48.69772135410879), (9.17168617300663, 48.762372930969676), (9.182898651373888, 48.7762012228451), (9.232521811336166, 48.79143304745744)]","['unknown', 'unknown', 'recycling', 'bench', 'vending_machine', 'waste_disposal', 'fuel', 'parking', 'unknown', 'grit_bin', 'unknown']","[('Osnabrück', 'building', 'apartments', 204320245), ('Osnabrück', 'highway', 'residential', 29269030), ('Osnabrück', 'amenity', 'parking', 238060435), ('Berndshausen', 'amenity', 'parking', 1365069894), ('Würzburg', 'highway', 'primary', 627772271), ('Großrinderfeld', 'amenity', 'parking', 257586536), ('Sindelfingen', 'highway', 'services', 240053992), ('unknown', 'tourism', 'hotel', 53169698), ('Stuttgart', 'place', 'house', 1883010089), ('Stuttgart', 'junction', 'yes', 2022261), ('Stuttgart', 'leisure', 'stadium', 3869991)]",11
F3C8C37626093DBC12873F0E242FAABE2024-07-05,"[(9.295444054748168, 48.946115752162406), (9.235612397666287, 48.792691827254586), (9.2765543182713, 48.81002948244678)]","['unknown', 'parking', 'parking_entrance']","[('Erdmannhausen', 'building', 'yes', 548394021), ('Stuttgart', 'amenity', 'bicycle_parking', 1297145049), ('Fellbach', 'building', 'apartments', 47194920)]",3
F608E0B9121E5A3518814E0952082E3A2024-06-19,"[(9.189767463193785, 48.79298726365012), (9.17715997577436, 48.777194121050385), (9.175345865723013, 48.775369588231406), (9.172791675186366, 48.7747409163029), (9.150557375923015, 48.77118777091935), (9.157362202841885, 48.770475582326654), (9.217885662767475, 48.801300957612476), (9.220221905931643, 48.80031258725769), (9.230829599698383, 48.79340260712191), (9.231459103998061, 48.791645387767346), (9.160872512048059, 48.7716658021922)]","['charging_station', 'restaurant', 'drinking_water', 'taxi', 'parking_entrance', 'taxi', 'bicycle_rental', 'fast_food', 'exhibition_centre', 'unknown', 'pharmacy']","[('Stuttgart', 'place', 'house', 12358393517), ('Stuttgart', 'building', 'retail', 91136333), ('Stuttgart', 'building', 'retail', 91136310), ('Stuttgart', 'building', 'office', 91136361), ('Stuttgart', 'building', 'apartments', 28478801), ('Stuttgart', 'building', 'yes', 114280125), ('Stuttgart', 'amenity', 'bench', 2339166739), ('Stuttgart', 'amenity', 'parking', 244441104), ('Stuttgart', 'tourism', 'attraction', 136082204), ('Stuttgart', 'leisure', 'stadium', 3869991), ('Stuttgart', 'building', 'apartments', 288339673)]",11
